{"cameraMode":{"drawMode":0,"name":"Shaded","section":"Shading Mode"},"sceneLighting":true,"audioPlay":false,"sceneViewState":{"showFog":false,"showMaterialUpdate":false,"showSkybox":false,"showFlares":false,"showImageEffects":false,"showParticleSystems":true},"in2DMode":false,"pivot":{"x":5.994131088256836,"y":10.597221374511719,"z":-9.525593757629395},"rotation":{"x":0.5310100317001343,"y":0.09739452600479126,"z":-0.0616057813167572,"w":0.8394923806190491},"size":13.924352645874024,"orthographic":false}