{"cameraMode":{"drawMode":0,"name":"Shaded","section":"Shading Mode"},"sceneLighting":false,"audioPlay":false,"sceneViewState":{"showFog":false,"showMaterialUpdate":false,"showSkybox":false,"showFlares":false,"showImageEffects":false,"showParticleSystems":true},"in2DMode":false,"pivot":{"x":0.4961296319961548,"y":7.50399112701416,"z":-4.498996257781982},"rotation":{"x":-0.42119625210762026,"y":-0.2871924042701721,"z":0.1425788551568985,"w":-0.8484017848968506},"size":2.8578836917877199,"orthographic":false}