{"cameraMode":{"drawMode":0,"name":"Shaded","section":"Shading Mode"},"sceneLighting":false,"audioPlay":false,"sceneViewState":{"showFog":false,"showMaterialUpdate":false,"showSkybox":false,"showFlares":false,"showImageEffects":false,"showParticleSystems":true},"in2DMode":false,"pivot":{"x":4.103870391845703,"y":7.00199556350708,"z":-11.398996353149414},"rotation":{"x":-0.42119625210762026,"y":-0.2871924042701721,"z":0.1425788551568985,"w":-0.8484017848968506},"size":6.170217037200928,"orthographic":false}