{"cameraMode":{"drawMode":0,"name":"Shaded","section":"Shading Mode"},"sceneLighting":false,"audioPlay":false,"sceneViewState":{"showFog":false,"showMaterialUpdate":false,"showSkybox":false,"showFlares":false,"showImageEffects":false,"showParticleSystems":true},"in2DMode":false,"pivot":{"x":3.788313865661621,"y":7.789182186126709,"z":-2.2233848571777345},"rotation":{"x":-0.42119625210762026,"y":-0.2871924042701721,"z":0.1425788551568985,"w":-0.8484017848968506},"size":10.35896110534668,"orthographic":false}