{"cameraMode":{"drawMode":0,"name":"Shaded","section":"Shading Mode"},"sceneLighting":true,"audioPlay":false,"sceneViewState":{"showFog":false,"showMaterialUpdate":false,"showSkybox":false,"showFlares":false,"showImageEffects":false,"showParticleSystems":true},"in2DMode":false,"pivot":{"x":-4.195436954498291,"y":9.681554794311524,"z":-3.8173141479492189},"rotation":{"x":0.3900870382785797,"y":0.26590797305107119,"z":-0.11874718964099884,"w":0.8735125660896301},"size":13.352846145629883,"orthographic":false}