{"cameraMode":{"drawMode":0,"name":"Shaded","section":"Shading Mode"},"sceneLighting":false,"audioPlay":false,"sceneViewState":{"showFog":false,"showMaterialUpdate":false,"showSkybox":false,"showFlares":false,"showImageEffects":false,"showParticleSystems":true},"in2DMode":false,"pivot":{"x":-2.164379596710205,"y":10.810714721679688,"z":-4.657570838928223},"rotation":{"x":-0.42119625210762026,"y":-0.2871924042701721,"z":0.1425788551568985,"w":-0.8484017848968506},"size":4.922563076019287,"orthographic":false}