{"cameraMode":{"drawMode":0,"name":"Shaded","section":"Shading Mode"},"sceneLighting":false,"audioPlay":false,"sceneViewState":{"showFog":false,"showMaterialUpdate":false,"showSkybox":false,"showFlares":false,"showImageEffects":false,"showParticleSystems":true},"in2DMode":false,"pivot":{"x":4.190000057220459,"y":7.6063127517700199,"z":-5.309999942779541},"rotation":{"x":-0.42119625210762026,"y":-0.2871924042701721,"z":0.1425788551568985,"w":-0.8484017848968506},"size":6.17373514175415,"orthographic":false}