{"cameraMode":{"drawMode":0,"name":"Shaded","section":"Shading Mode"},"sceneLighting":false,"audioPlay":false,"sceneViewState":{"showFog":false,"showMaterialUpdate":false,"showSkybox":false,"showFlares":false,"showImageEffects":false,"showParticleSystems":true},"in2DMode":false,"pivot":{"x":5.71999979019165,"y":7.539999961853027,"z":-5.010000228881836},"rotation":{"x":0.26310503482818606,"y":-0.5729211568832398,"z":0.2010534554719925,"w":0.7497430443763733},"size":4.950000286102295,"orthographic":false}